signal_name,forced_cover_bucket,events,avg_return,median_return,win_rate,avg_mfe,avg_mae,breakeven_cost,avg_return_minus_cost,cost_beating_avg,enough_events,candidate_bucket,bucket_type,buy_aggression_bucket,volume_shock_bucket,trend_regime,volatility_regime,trend_vol_bucket
breakout_forced_cover_signal,score_4,98,0.0003004508591976096,9.980974196410752e-05,0.5408163265306123,0.0022940957128906314,-0.0018916655797230092,0.0012,-0.0008995491408023903,False,True,False,forced_cover_bucket,,,,,
breakout_forced_cover_signal,score_5,60,-0.00019068241800386613,-0.000743693978918547,0.36666666666666664,0.0026949815558519126,-0.00274275881522823,0.0012,-0.001390682418003866,False,True,False,forced_cover_bucket,,,,,
breakout_forced_cover_signal,score_3,263,-0.00019899058157096236,-0.0001385520864908285,0.4714828897338403,0.0016985794552512774,-0.0016790638893133675,0.0012,-0.0013989905815709623,False,True,False,forced_cover_bucket,,,,,
current_short_squeeze_signal,score_4,54,0.0002086593817396501,0.0002120164630853294,0.5925925925925926,0.0019116274458905078,-0.001690673187440979,0.0012,-0.0009913406182603499,False,True,False,forced_cover_bucket,,,,,
current_short_squeeze_signal,score_5,33,0.00011637454894508961,-0.0003533962744495245,0.3939393939393939,0.003229647206869364,-0.002723185326836373,0.0012,-0.0010836254510549104,False,True,False,forced_cover_bucket,,,,,
current_short_squeeze_signal,score_3,162,-0.00015446687873809932,-0.00019802649221722923,0.4691358024691358,0.0017087352550350127,-0.0016868077946073593,0.0012,-0.0013544668787380991,False,True,False,forced_cover_bucket,,,,,
early_squeeze_candidate_signal,score_5,15,0.0006594646225015414,9.848508601462136e-05,0.5333333333333333,0.0030683435270597286,-0.0016620470642379444,0.0012,-0.0005405353774984585,False,False,False,forced_cover_bucket,,,,,
early_squeeze_candidate_signal,score_0_to_2,188,4.454644760791519e-06,0.0001044650733117436,0.5425531914893617,0.0013314337285784412,-0.0013363855810576365,0.0012,-0.0011955453552392084,False,True,False,forced_cover_bucket,,,,,
early_squeeze_candidate_signal,score_3,161,-6.7440114699239115e-06,-5.697388378345103e-05,0.4906832298136646,0.0012059432786669206,-0.001239454139090107,0.0012,-0.0012067440114699238,False,True,False,forced_cover_bucket,,,,,
early_squeeze_candidate_signal,score_4,42,-2.7519342925555335e-05,1.9138947581931465e-05,0.5,0.002133694028600213,-0.0022315750488056487,0.0012,-0.0012275193429255552,False,True,False,forced_cover_bucket,,,,,
simple_breakout_signal,score_4,98,0.0003004508591976096,9.980974196410752e-05,0.5408163265306123,0.0022940957128906314,-0.0018916655797230092,0.0012,-0.0008995491408023903,False,True,False,forced_cover_bucket,,,,,
simple_breakout_signal,score_5,60,-0.00019068241800386613,-0.000743693978918547,0.36666666666666664,0.0026949815558519126,-0.00274275881522823,0.0012,-0.001390682418003866,False,True,False,forced_cover_bucket,,,,,
simple_breakout_signal,score_3,263,-0.00019899058157096236,-0.0001385520864908285,0.4714828897338403,0.0016985794552512774,-0.0016790638893133675,0.0012,-0.0013989905815709623,False,True,False,forced_cover_bucket,,,,,
simple_breakout_signal,score_0_to_2,303,-0.0003558161637458533,-3.370922619050365e-05,0.49174917491749176,0.0015696762734706562,-0.0019181350097378167,0.0012,-0.0015558161637458533,False,True,False,forced_cover_bucket,,,,,
trend_filtered_short_squeeze_signal,score_4,37,0.00015446117613480558,9.579400802417481e-05,0.5405405405405406,0.002074083145388099,-0.001777060412220912,0.0012,-0.0010455388238651943,False,True,False,forced_cover_bucket,,,,,
trend_filtered_short_squeeze_signal,score_3,99,-0.0002691984754164887,-0.0003490330437543321,0.41414141414141414,0.001576658794231508,-0.0015915540385732295,0.0012,-0.0014691984754164886,False,True,False,forced_cover_bucket,,,,,
trend_filtered_short_squeeze_signal,score_5,20,-0.0011707782328942596,-0.001277725468441071,0.2,0.0017908995849766907,-0.0030100668920004627,0.0012,-0.0023707782328942595,False,True,False,forced_cover_bucket,,,,,
breakout_forced_cover_signal,,20,0.0004604884077158089,-0.0004618389781438914,0.5,0.0026744790529053763,-0.0019084756159966853,0.0012,-0.000739511592284191,False,True,False,buy_aggression_bucket,buy_agg_lt_55,,,,
breakout_forced_cover_signal,,33,0.0002585820908480854,2.8787682753161903e-05,0.5151515151515151,0.0030343735663959127,-0.0026244012645292437,0.0012,-0.0009414179091519145,False,True,False,buy_aggression_bucket,buy_agg_55_60,,,,
breakout_forced_cover_signal,,263,-1.0424530843715631e-05,-0.00011664129028343684,0.4752851711026616,0.0018143147472436682,-0.001641581078576903,0.0012,-0.0012104245308437154,False,True,False,buy_aggression_bucket,buy_agg_ge_65,,,,
breakout_forced_cover_signal,,105,-0.0004698343749755725,-0.000253620667402199,0.44761904761904764,0.0019281712635354777,-0.002238399818103239,0.0012,-0.0016698343749755723,False,True,False,buy_aggression_bucket,buy_agg_60_65,,,,
current_short_squeeze_signal,,17,0.0004507444345192078,6.313248173528407e-05,0.5294117647058824,0.0030708828554563074,-0.0022180146013935265,0.0012,-0.0007492555654807921,False,False,False,buy_aggression_bucket,buy_agg_55_60,,,,
current_short_squeeze_signal,,16,0.00016371215461746802,-0.0009914042991958638,0.4375,0.002412113701424301,-0.002160556173771956,0.0012,-0.0010362878453825319,False,False,False,buy_aggression_bucket,buy_agg_lt_55,,,,
current_short_squeeze_signal,,150,-5.690187473932277e-05,-0.00010660894886349581,0.4866666666666667,0.0017643824677938888,-0.001694971783179416,0.0012,-0.0012569018747393226,False,True,False,buy_aggression_bucket,buy_agg_ge_65,,,,
current_short_squeeze_signal,,66,-0.0001767035799431914,-0.00020777445600400624,0.48484848484848486,0.0019873508073608957,-0.0019379305477704807,0.0012,-0.0013767035799431913,False,True,False,buy_aggression_bucket,buy_agg_60_65,,,,
early_squeeze_candidate_signal,,115,0.00029527357814280054,0.00018748302928894844,0.5565217391304348,0.0015938821499485788,-0.001275242827660251,0.0012,-0.0009047264218571994,False,True,False,buy_aggression_bucket,buy_agg_lt_55,,,,
early_squeeze_candidate_signal,,78,-4.138807342505923e-05,-1.3690191863646728e-05,0.5,0.0014779639064839629,-0.0015750533016793723,0.0012,-0.0012413880734250592,False,True,False,buy_aggression_bucket,buy_agg_60_65,,,,
early_squeeze_candidate_signal,,120,-5.315671475023172e-05,0.00011517347288270141,0.525,0.0012660649370683712,-0.0012470092116964862,0.0012,-0.0012531567147502317,False,True,False,buy_aggression_bucket,buy_agg_ge_65,,,,
early_squeeze_candidate_signal,,93,-0.00017055421167977186,-0.00024308658463212396,0.4731182795698925,0.0013935622209374822,-0.0016161427476371084,0.0012,-0.0013705542116797718,False,True,False,buy_aggression_bucket,buy_agg_55_60,,,,
simple_breakout_signal,,288,-5.5154772368979504e-05,-7.0697508067874e-05,0.4826388888888889,0.0017779673026694473,-0.0016592324814379367,0.0012,-0.0012551547723689794,False,True,False,buy_aggression_bucket,buy_agg_ge_65,,,,
simple_breakout_signal,,173,-0.0001605006591097175,5.056381849799507e-05,0.5086705202312138,0.0017746780928690922,-0.0018432215600799036,0.0012,-0.0013605006591097175,False,True,False,buy_aggression_bucket,buy_agg_lt_55,,,,
simple_breakout_signal,,134,-0.0002622693977271546,-0.00013924359221040294,0.4701492537313433,0.00196800397099759,-0.002188261923664654,0.0012,-0.0014622693977271546,False,True,False,buy_aggression_bucket,buy_agg_55_60,,,,
simple_breakout_signal,,129,-0.0004910720440568755,-0.00028666923097597774,0.4496124031007752,0.0017524973291338027,-0.002192047164709381,0.0012,-0.0016910720440568754,False,True,False,buy_aggression_bucket,buy_agg_60_65,,,,
trend_filtered_short_squeeze_signal,,13,0.00023366674761424392,6.313248173528407e-05,0.5384615384615384,0.00222749337443602,-0.0016191306233588674,0.0012,-0.000966333252385756,False,False,False,buy_aggression_bucket,buy_agg_55_60,,,,
trend_filtered_short_squeeze_signal,,94,-0.00023673636837245646,-0.0003512146591019283,0.40425531914893614,0.001743954286128093,-0.0018286561540713,0.0012,-0.0014367363683724563,False,True,False,buy_aggression_bucket,buy_agg_ge_65,,,,
trend_filtered_short_squeeze_signal,,40,-0.00042109433962382315,-0.0003126514450610407,0.425,0.0015288178972696852,-0.0017538922226140341,0.0012,-0.001621094339623823,False,True,False,buy_aggression_bucket,buy_agg_60_65,,,,
trend_filtered_short_squeeze_signal,,9,-0.0009213139682390113,-0.0011103382555154306,0.3333333333333333,0.0016229395614795934,-0.0022687063800004292,0.0012,-0.002121313968239011,False,False,False,buy_aggression_bucket,buy_agg_lt_55,,,,
breakout_forced_cover_signal,,10,0.0008350206224774781,0.0006786489879662128,0.7,0.002917405676280671,-0.0007827737221792863,0.0012,-0.0003649793775225218,False,False,False,volume_shock_bucket,,volume_shock_na,,,
breakout_forced_cover_signal,,75,0.0005221412824664314,7.068623992623202e-05,0.5466666666666666,0.0026810906908799836,-0.0018050425552110368,0.0012,-0.0006778587175335685,False,True,False,volume_shock_bucket,,volume_shock_125_175,,,
breakout_forced_cover_signal,,116,-8.008866197198891e-05,-0.00010940341057341652,0.47413793103448276,0.0017822684043772871,-0.001678324286741663,0.0012,-0.001280088661971989,False,True,False,volume_shock_bucket,,volume_shock_075_125,,,
breakout_forced_cover_signal,,82,-0.00016965913026237628,-0.0008809273662063188,0.4268292682926829,0.0026597954664119537,-0.0027929452918379932,0.0012,-0.0013696591302623763,False,True,False,volume_shock_bucket,,volume_shock_ge_175,,,
breakout_forced_cover_signal,,138,-0.0004249257447211659,-0.00019802649221722923,0.4420289855072464,0.001290901798645881,-0.0016277499895695313,0.0012,-0.0016249257447211657,False,True,False,volume_shock_bucket,,volume_shock_lt_075,,,
current_short_squeeze_signal,,43,0.0003619833081205341,-0.0006472874073919499,0.46511627906976744,0.003051446917554724,-0.0023813609591952184,0.0012,-0.0008380166918794659,False,True,False,volume_shock_bucket,,volume_shock_ge_175,,,
current_short_squeeze_signal,,54,0.00022075656993964584,0.00010172836237609673,0.5555555555555556,0.0023076394123193403,-0.001953145199912033,0.0012,-0.000979243430060354,False,True,False,volume_shock_bucket,,volume_shock_125_175,,,
current_short_squeeze_signal,,6,7.565898133434408e-05,0.00018397305733852676,0.6666666666666666,0.0020164885317218717,-0.0009328129380203517,0.0012,-0.0011243410186656559,False,False,False,volume_shock_bucket,,volume_shock_na,,,
current_short_squeeze_signal,,77,-0.0002068123594405422,-0.00018951489541008115,0.45454545454545453,0.0013658618368531357,-0.0015007958841158691,0.0012,-0.0014068123594405421,False,True,False,volume_shock_bucket,,volume_shock_lt_075,,,
current_short_squeeze_signal,,69,-0.00031784357773117654,-0.00027183029107047396,0.463768115942029,0.0016453088822076564,-0.0018173595346103937,0.0012,-0.0015178435777311763,False,True,False,volume_shock_bucket,,volume_shock_075_125,,,
early_squeeze_candidate_signal,,8,0.0015928696940691878,0.0009653269458196334,0.875,0.0027935886244119523,-0.0008027557684537612,0.0012,0.0003928696940691879,True,False,False,volume_shock_bucket,,volume_shock_na,,,
early_squeeze_candidate_signal,,42,0.0009125979791816872,0.0001251630237646406,0.5238095238095238,0.0026009143659361878,-0.0014693471988068802,0.0012,-0.00028740202081831265,False,True,False,volume_shock_bucket,,volume_shock_125_175,,,
early_squeeze_candidate_signal,,247,1.0114558968842761e-05,0.00010335373646830348,0.5344129554655871,0.001194075029476203,-0.0012324014246355246,0.0012,-0.0011898854410311572,False,True,False,volume_shock_bucket,,volume_shock_lt_075,,,
early_squeeze_candidate_signal,,89,-0.00033589625143248814,-5.697388378345103e-05,0.4943820224719101,0.001296552073463036,-0.001635278229125118,0.0012,-0.001535896251432488,False,True,False,volume_shock_bucket,,volume_shock_075_125,,,
early_squeeze_candidate_signal,,20,-0.0007593879031488115,-0.000648108394122271,0.25,0.0019094965880889104,-0.0025685960435560097,0.0012,-0.0019593879031488113,False,True,False,volume_shock_bucket,,volume_shock_ge_175,,,
simple_breakout_signal,,87,0.000394768380213015,5.8556603154791276e-05,0.5172413793103449,0.0025216988708277764,-0.0018040722647016847,0.0012,-0.000805231619786985,False,True,False,volume_shock_bucket,,volume_shock_125_175,,,
simple_breakout_signal,,26,0.00021850413348912544,0.00015462761692941474,0.5769230769230769,0.0023481093681560097,-0.001486761975921919,0.0012,-0.0009814958665108745,False,True,False,volume_shock_bucket,,volume_shock_na,,,
simple_breakout_signal,,207,-0.0002342904422379702,-6.591513626352796e-05,0.4830917874396135,0.0018536463615270533,-0.0019201492209288127,0.0012,-0.0014342904422379702,False,True,False,volume_shock_bucket,,volume_shock_075_125,,,
simple_breakout_signal,,88,-0.00024174416495863972,-0.0009612951896590394,0.42045454545454547,0.0025515942923687407,-0.002824107506090143,0.0012,-0.0014417441649586396,False,True,False,volume_shock_bucket,,volume_shock_ge_175,,,
simple_breakout_signal,,316,-0.0003556896516982668,-9.77049535680341e-05,0.4778481012658228,0.0013296672180647764,-0.0016808070218205999,0.0012,-0.0015556896516982668,False,True,False,volume_shock_bucket,,volume_shock_lt_075,,,
trend_filtered_short_squeeze_signal,,3,9.611485865187082e-05,0.00018977879434678435,0.6666666666666666,0.001489130206788684,-0.001165092932080225,0.0012,-0.0011038851413481291,False,False,False,volume_shock_bucket,,volume_shock_na,,,
trend_filtered_short_squeeze_signal,,45,-0.00026803950964275657,-0.00036597894094647643,0.4222222222222222,0.001642362792120913,-0.001679898371905169,0.0012,-0.0014680395096427564,False,True,False,volume_shock_bucket,,volume_shock_075_125,,,
trend_filtered_short_squeeze_signal,,43,-0.00028452346880184523,-0.0003989769820971212,0.37209302325581395,0.0014553858771317201,-0.0015214110577704573,0.0012,-0.0014845234688018452,False,True,False,volume_shock_bucket,,volume_shock_lt_075,,,
trend_filtered_short_squeeze_signal,,35,-0.0003009678018569677,-0.00017813240964625887,0.45714285714285713,0.0018306801873493824,-0.0018169487214821606,0.0012,-0.0015009678018569677,False,True,False,volume_shock_bucket,,volume_shock_125_175,,,
trend_filtered_short_squeeze_signal,,30,-0.0003269778208562705,-0.0009478782224056626,0.4,0.002120639105603776,-0.0025137278880984714,0.0012,-0.0015269778208562704,False,True,False,volume_shock_bucket,,volume_shock_ge_175,,,
breakout_forced_cover_signal,,65,0.0007845467428662664,0.0003747059032637168,0.5846153846153846,0.002744424677193064,-0.0017037709628564784,0.0012,-0.00041545325713373345,False,True,False,trend_regime,,,trend_down,,
breakout_forced_cover_signal,,81,-0.00016600935680651836,6.201801182181832e-05,0.5308641975308642,0.0016283702485329532,-0.0017128508878137146,0.0012,-0.0013660093568065182,False,True,False,trend_regime,,,mixed_trend,,
breakout_forced_cover_signal,,275,-0.0002613820516982133,-0.0003034656418026138,0.4290909090909091,0.0019016766392609607,-0.0019711146331541176,0.0012,-0.0014613820516982132,False,True,False,trend_regime,,,trend_up,,
current_short_squeeze_signal,,45,0.0006091384484222503,0.000732108605725923,0.5555555555555556,0.0027867775782313142,-0.002065388069413333,0.0012,-0.0005908615515777495,False,True,False,trend_regime,,,trend_down,,
current_short_squeeze_signal,,48,0.00014633859170178065,0.0002874870168182442,0.6458333333333334,0.0019285014894213869,-0.001624280095818181,0.0012,-0.0010536614082982192,False,True,False,trend_regime,,,mixed_trend,,
current_short_squeeze_signal,,156,-0.0002843022449174985,-0.0003512146591019283,0.4166666666666667,0.0017221044147936715,-0.0018174129673777738,0.0012,-0.0014843022449174985,False,True,False,trend_regime,,,trend_up,,
early_squeeze_candidate_signal,,126,0.00014363283018171199,0.00026863053444614593,0.5873015873015873,0.0015312295895909616,-0.001577993808006687,0.0012,-0.0010563671698182878,False,True,False,trend_regime,,,trend_down,,
early_squeeze_candidate_signal,,205,-3.421011716837727e-06,-0.00014444512861844228,0.4634146341463415,0.0013893556789032915,-0.0012652997017441987,0.0012,-0.0012034210117168377,False,True,False,trend_regime,,,trend_up,,
early_squeeze_candidate_signal,,75,-0.0001187811319723083,0.00010335373646830348,0.5466666666666666,0.0013647182464212016,-0.0014831440663912805,0.0012,-0.0013187811319723083,False,True,False,trend_regime,,,mixed_trend,,
simple_breakout_signal,,151,0.00019810147348431708,9.077643766208787e-05,0.5364238410596026,0.0018554520772671565,-0.0017160410832226937,0.0012,-0.0010018985265156828,False,True,False,trend_regime,,,trend_down,,
simple_breakout_signal,,425,-0.0002704031687363411,-0.00024549788149152985,0.4541176470588235,0.0018770384308454556,-0.0019205277377298522,0.0012,-0.001470403168736341,False,True,False,trend_regime,,,trend_up,,
simple_breakout_signal,,148,-0.00038605106236628243,2.426029743413105e-05,0.5,0.001560432324529947,-0.0020093984761128977,0.0012,-0.0015860510623662823,False,True,False,trend_regime,,,mixed_trend,,
trend_filtered_short_squeeze_signal,,156,-0.0002843022449174985,-0.0003512146591019283,0.4166666666666667,0.0017221044147936715,-0.0018174129673777738,0.0012,-0.0014843022449174985,False,True,False,trend_regime,,,trend_up,,
breakout_forced_cover_signal,,168,9.985960701130672e-05,9.980974196410752e-05,0.5297619047619048,0.0020455442792333637,-0.0017228260839994424,0.0012,-0.0011001403929886931,False,True,False,volatility_regime,,,,normal_vol,
breakout_forced_cover_signal,,124,-1.2033283440359001e-05,-0.0003716944040110248,0.43548387096774194,0.0025870036073045795,-0.00245720882465125,0.0012,-0.0012120332834403588,False,True,False,volatility_regime,,,,high_vol,
breakout_forced_cover_signal,,129,-0.0003846168268474755,-0.00020653808902437731,0.43410852713178294,0.0013085797188256562,-0.0015303401724597137,0.0012,-0.0015846168268474753,False,True,False,volatility_regime,,,,low_vol,
current_short_squeeze_signal,,104,0.00015297834578149977,3.311218568369245e-05,0.5096153846153846,0.002069560802863968,-0.0017287091198255962,0.0012,-0.0010470216542185,False,True,False,volatility_regime,,,,normal_vol,
current_short_squeeze_signal,,70,-9.078008482854878e-05,-0.0003716944040110248,0.4714285714285714,0.0023967892289128087,-0.00240669445926759,0.0012,-0.0012907800848285488,False,True,False,volatility_regime,,,,high_vol,
current_short_squeeze_signal,,75,-0.00025961079532960785,-0.0001385520864908285,0.4666666666666667,0.001381490422649323,-0.001415599600309494,0.0012,-0.0014596107953296078,False,True,False,volatility_regime,,,,low_vol,
early_squeeze_candidate_signal,,158,3.7984246602327216e-05,0.00017137413379819666,0.5443037974683544,0.0015612426888688515,-0.0014336680457953644,0.0012,-0.0011620157533976728,False,True,False,volatility_regime,,,,normal_vol,
early_squeeze_candidate_signal,,190,1.4432343727013413e-05,6.55155752108394e-05,0.5210526315789473,0.001252734536216945,-0.001209898598418365,0.0012,-0.0011855676562729865,False,True,False,volatility_regime,,,,low_vol,
early_squeeze_candidate_signal,,58,-4.410551177230962e-06,-0.0003254152070075733,0.43103448275862066,0.0016450138659091027,-0.0019491237708722825,0.0012,-0.0012044105511772308,False,True,False,volatility_regime,,,,high_vol,
simple_breakout_signal,,292,-0.00012834346573132788,6.365152021969855e-05,0.5136986301369864,0.001715483370609705,-0.001759786831082368,0.0012,-0.0013283434657313277,False,True,False,volatility_regime,,,,normal_vol,
simple_breakout_signal,,174,-0.00021741906829867992,-0.00040997890975275064,0.41954022988505746,0.002465189007911749,-0.002534342298221955,0.0012,-0.0014174190682986797,False,True,False,volatility_regime,,,,high_vol,
simple_breakout_signal,,258,-0.0002590557037577707,-5.201770928525695e-05,0.4844961240310077,0.0014689711209783455,-0.0016197835348831441,0.0012,-0.0014590557037577707,False,True,False,volatility_regime,,,,low_vol,
trend_filtered_short_squeeze_signal,,69,-0.00014174303089412314,-0.0002500054688695519,0.43478260869565216,0.0016819151461525763,-0.0016216861366761131,0.0012,-0.001341743030894123,False,True,False,volatility_regime,,,,normal_vol,
trend_filtered_short_squeeze_signal,,51,-0.00037702066520730124,-0.0002978813925725854,0.39215686274509803,0.0015116400066584814,-0.001643458376433579,0.0012,-0.001577020665207301,False,True,False,volatility_regime,,,,low_vol,
trend_filtered_short_squeeze_signal,,36,-0.0004261896430517473,-0.0007854254199149979,0.4166666666666667,0.0020972917578806235,-0.002438991730060233,0.0012,-0.0016261896430517472,False,True,False,volatility_regime,,,,high_vol,
breakout_forced_cover_signal,,29,0.0013592294073325013,0.0006226308212557985,0.5862068965517241,0.003314532692631171,-0.0016608333841723027,0.0012,0.00015922940733250138,True,True,True,trend_vol_bucket,,,,,trend_down__high_vol
breakout_forced_cover_signal,,30,0.0005996843074014306,0.00019079217150930194,0.6666666666666666,0.002161122665436747,-0.0012012165313954252,0.0012,-0.0006003156925985693,False,True,False,trend_vol_bucket,,,,,mixed_trend__normal_vol
breakout_forced_cover_signal,,28,0.00037499196690209325,0.0008976373565944273,0.6071428571428571,0.002429279524417064,-0.0020493949008360984,0.0012,-0.0008250080330979067,False,True,False,trend_vol_bucket,,,,,trend_down__normal_vol
breakout_forced_cover_signal,,8,0.0001347638000507717,2.8711612215182036e-05,0.5,0.0017807911559459266,-0.0006497359026579469,0.0012,-0.0010652361999492282,False,False,False,trend_vol_bucket,,,,,trend_down__low_vol
breakout_forced_cover_signal,,110,-0.0001064899119763818,-0.00022738747189188224,0.4727272727272727,0.001916344838767499,-0.001781956626787571,0.0012,-0.0013064899119763817,False,True,False,trend_vol_bucket,,,,,trend_up__normal_vol
breakout_forced_cover_signal,,74,-0.00025926364398525756,-0.00039477582890495855,0.3918918918918919,0.0025071541368712797,-0.0025682877802136904,0.0012,-0.0014592636439852574,False,True,False,trend_vol_bucket,,,,,trend_up__high_vol
breakout_forced_cover_signal,,30,-0.0003237672273010972,2.6155247868475673e-05,0.5,0.0009308905692359204,-0.001207599853036767,0.0012,-0.001523767227301097,False,True,False,trend_vol_bucket,,,,,mixed_trend__low_vol
breakout_forced_cover_signal,,91,-0.0004503369697219516,-0.0003490330437543321,0.4065934065934066,0.0013915795319106004,-0.0017141538399443569,0.0012,-0.0016503369697219515,False,True,False,trend_vol_bucket,,,,,trend_up__low_vol
breakout_forced_cover_signal,,21,-0.0010344890621113328,-0.0007248062429455748,0.38095238095238093,0.0018636949090947233,-0.00316554430380691,0.0012,-0.0022344890621113327,False,True,False,trend_vol_bucket,,,,,mixed_trend__high_vol
current_short_squeeze_signal,,17,0.0011422544216100894,0.0003517150395779822,0.7058823529411765,0.002660400453561973,-0.00114949921830243,0.0012,-5.774557838991051e-05,False,False,False,trend_vol_bucket,,,,,mixed_trend__normal_vol
current_short_squeeze_signal,,22,0.0009034917005882225,-9.094627069639039e-05,0.5,0.00289847071023408,-0.0019155473653423697,0.0012,-0.0002965082994117774,False,True,False,trend_vol_bucket,,,,,trend_down__high_vol
current_short_squeeze_signal,,18,0.00034842732919994194,0.0009841880126650882,0.6111111111111112,0.002997520594598408,-0.0026859954622260505,0.0012,-0.000851572670800058,False,False,False,trend_vol_bucket,,,,,trend_down__normal_vol
current_short_squeeze_signal,,5,0.00025254416809228353,0.00017816732033026916,0.6,0.0015366529384976068,-0.0004905005531997908,0.0012,-0.0009474558319077164,False,False,False,trend_vol_bucket,,,,,trend_down__low_vol
current_short_squeeze_signal,,19,-7.923560866366539e-05,0.00016528837489526715,0.631578947368421,0.0009913092982436126,-0.0010474257925842405,0.0012,-0.0012792356086636654,False,False,False,trend_vol_bucket,,,,,mixed_trend__low_vol
current_short_squeeze_signal,,69,-0.00014174303089412314,-0.0002500054688695519,0.43478260869565216,0.0016819151461525763,-0.0016216861366761131,0.0012,-0.001341743030894123,False,True,False,trend_vol_bucket,,,,,trend_up__normal_vol
current_short_squeeze_signal,,51,-0.00037702066520730124,-0.0002978813925725854,0.39215686274509803,0.0015116400066584814,-0.001643458376433579,0.0012,-0.001577020665207301,False,True,False,trend_vol_bucket,,,,,trend_up__low_vol
current_short_squeeze_signal,,36,-0.0004261896430517473,-0.0007854254199149979,0.4166666666666667,0.0020972917578806235,-0.002438991730060233,0.0012,-0.0016261896430517472,False,True,False,trend_vol_bucket,,,,,trend_up__high_vol
current_short_squeeze_signal,,12,-0.0009073830167563671,0.0005517426335365228,0.5833333333333334,0.002375532259587032,-0.003210238985752567,0.0012,-0.002107383016756367,False,False,False,trend_vol_bucket,,,,,mixed_trend__high_vol
early_squeeze_candidate_signal,,22,0.00039251751370082563,-0.0002668960676054932,0.4090909090909091,0.002251303427900425,-0.0013232380928884689,0.0012,-0.0008074824862991743,False,True,False,trend_vol_bucket,,,,,trend_up__high_vol
early_squeeze_candidate_signal,,55,0.0002813601139518239,0.0005659543729070737,0.6909090909090909,0.001989038219040089,-0.0016788641205726963,0.0012,-0.000918639886048176,False,True,False,trend_vol_bucket,,,,,trend_down__normal_vol
early_squeeze_candidate_signal,,44,0.00018996582594833398,0.00026863053444614593,0.5681818181818182,0.0011981950836756098,-0.0010826826941728847,0.0012,-0.0010100341740516658,False,True,False,trend_vol_bucket,,,,,trend_down__low_vol
early_squeeze_candidate_signal,,107,-2.596317768192118e-05,-0.00010705475387451369,0.4766355140186916,0.001363514071246239,-0.0013157867213466588,0.0012,-0.001225963177681921,False,True,False,trend_vol_bucket,,,,,trend_up__low_vol
early_squeeze_candidate_signal,,39,-7.27766928622713e-05,0.00010335373646830348,0.5897435897435898,0.001010332630157567,-0.0010629106659433313,0.0012,-0.0012727766928622712,False,True,False,trend_vol_bucket,,,,,mixed_trend__low_vol
early_squeeze_candidate_signal,,76,-8.629779857110962e-05,-0.00010833378349922596,0.4605263157894737,0.0011762267518160242,-0.0011774476530252884,0.0012,-0.0012862977985711095,False,True,False,trend_vol_bucket,,,,,trend_up__normal_vol
early_squeeze_candidate_signal,,27,-0.00010795046713993648,-6.983573381946773e-05,0.48148148148148145,0.0017735559131872528,-0.001655407517564717,0.0012,-0.0013079504671399363,False,True,False,trend_vol_bucket,,,,,mixed_trend__normal_vol
early_squeeze_candidate_signal,,27,-0.00021242837059930753,-0.0006294127803688765,0.4074074074074074,0.001141379354056646,-0.002179690912360641,0.0012,-0.0014124283705993074,False,True,False,trend_vol_bucket,,,,,trend_down__high_vol
early_squeeze_candidate_signal,,9,-0.00035062569594625074,0.00025975537644495894,0.5555555555555556,0.0016738762499321307,-0.0027873651148120843,0.0012,-0.0015506256959462506,False,False,False,trend_vol_bucket,,,,,mixed_trend__high_vol
simple_breakout_signal,,49,0.0007489952401920686,-0.0003397129186603065,0.4897959183673469,0.0024348124021615677,-0.0017379102716588383,0.0012,-0.0004510047598079313,False,True,False,trend_vol_bucket,,,,,trend_down__high_vol
simple_breakout_signal,,28,0.0004947388561934955,0.00018163724708131213,0.6071428571428571,0.0017603492155978276,-0.0010316466387915565,0.0012,-0.0007052611438065044,False,True,False,trend_vol_bucket,,,,,trend_down__low_vol
simple_breakout_signal,,51,0.00031775158046733334,0.00023271144278624867,0.6078431372549019,0.001908972114055287,-0.0014546221806751602,0.0012,-0.0008822484195326666,False,True,False,trend_vol_bucket,,,,,mixed_trend__normal_vol
simple_breakout_signal,,167,-0.00019785323563284058,-0.00021524407504980303,0.47305389221556887,0.001748418493871435,-0.0017640331083379533,0.0012,-0.0013978532356328404,False,True,False,trend_vol_bucket,,,,,trend_up__normal_vol
simple_breakout_signal,,74,-0.00027892070603645087,0.00018210712475141833,0.5405405405405406,0.0015078064584416843,-0.0019605201941781092,0.0012,-0.0014789207060364508,False,True,False,trend_vol_bucket,,,,,trend_down__normal_vol
simple_breakout_signal,,168,-0.00030461204159083305,-0.00018983007724771017,0.4642857142857143,0.0015920168250310042,-0.0016907627088406578,0.0012,-0.001504612041590833,False,True,False,trend_vol_bucket,,,,,trend_up__low_vol
simple_breakout_signal,,90,-0.00034116703750000703,-0.00040997890975275064,0.4,0.0026477402003064476,-0.0026398069373057614,0.0012,-0.001541167037500007,False,True,False,trend_vol_bucket,,,,,trend_up__high_vol
simple_breakout_signal,,62,-0.0004760360734784317,-3.397917994663047e-05,0.4838709677419355,0.0010039668479107304,-0.0016930630811041467,0.0012,-0.0016760360734784316,False,True,False,trend_vol_bucket,,,,,mixed_trend__low_vol
simple_breakout_signal,,35,-0.0012521900365251725,-0.0008297457328914071,0.37142857142857144,0.0020382989040899206,-0.003378152349194817,0.0012,-0.0024521900365251726,False,True,False,trend_vol_bucket,,,,,mixed_trend__high_vol
trend_filtered_short_squeeze_signal,,69,-0.00014174303089412314,-0.0002500054688695519,0.43478260869565216,0.0016819151461525763,-0.0016216861366761131,0.0012,-0.001341743030894123,False,True,False,trend_vol_bucket,,,,,trend_up__normal_vol
trend_filtered_short_squeeze_signal,,51,-0.00037702066520730124,-0.0002978813925725854,0.39215686274509803,0.0015116400066584814,-0.001643458376433579,0.0012,-0.001577020665207301,False,True,False,trend_vol_bucket,,,,,trend_up__low_vol
trend_filtered_short_squeeze_signal,,36,-0.0004261896430517473,-0.0007854254199149979,0.4166666666666667,0.0020972917578806235,-0.002438991730060233,0.0012,-0.0016261896430517472,False,True,False,trend_vol_bucket,,,,,trend_up__high_vol
