signal_name,exit_mode,fixed_holding_bars,signal_idx,entry_idx,exit_idx,signal_time,entry_time,exit_time,entry_price,exit_price,gross_return,net_return,holding_bars,exit_reason,false_squeeze_score,breakout_level,entry_forced_cover_score,entry_buy_aggression_ratio_15m,entry_cvd_15m,entry_cvd_slope_15m,exit_buy_aggression_ratio_15m,exit_cvd_15m,exit_cvd_slope_15m,cumulative_return,win,exit_label,cost_label
downtrend_highvol_forced_cover_signal,adaptive,,881,882,885,2026-05-04 01:25:00+00:00,2026-05-04 01:30:00+00:00,2026-05-04 01:45:00+00:00,78621.411138,78964.433954,0.004362969463851396,0.003562969463851396,3,false_squeeze,3,78585.86,4,0.6687443949436331,33.08244999999995,9.808639999999997,0.3720234393101028,-23.66282000000005,-36.62149000000001,0.003562969463851484,True,adaptive,with_cost
downtrend_highvol_forced_cover_signal,adaptive,,1455,1456,1468,2026-05-06 01:15:00+00:00,2026-05-06 01:20:00+00:00,2026-05-06 02:20:00+00:00,81303.85752,81273.502048,-0.0003733583242657712,-0.0011733583242657711,12,time_stop,1,81262.28,3,0.6651863353939748,42.08853999999991,17.0036,0.6921915468425677,32.02574999999991,-21.03199,0.002385430499706187,False,adaptive,with_cost
downtrend_highvol_forced_cover_signal,adaptive,,1943,1944,1947,2026-05-07 17:55:00+00:00,2026-05-07 18:00:00+00:00,2026-05-07 18:15:00+00:00,80110.538904,80153.966,0.0005420896750181203,-0.0002579103249818797,3,false_squeeze,3,79948.66,3,0.6189537486851147,44.76761999999988,24.85457,0.4817457741150509,-4.215260000000111,-13.231220000000004,0.0021269049475689528,False,adaptive,with_cost
downtrend_highvol_forced_cover_signal,adaptive,,2060,2061,2063,2026-05-08 03:40:00+00:00,2026-05-08 03:45:00+00:00,2026-05-08 03:55:00+00:00,79662.059226,79562.93423000001,-0.001244318775626474,-0.002044318775626474,2,false_squeeze,4,79642.55,3,0.6304708710788978,15.850759999999879,8.35204,0.4636009804367196,-4.516220000000119,-3.4663000000000004,7.823810022422606e-05,False,adaptive,with_cost
downtrend_highvol_forced_cover_signal,adaptive,,3663,3664,3671,2026-05-13 17:15:00+00:00,2026-05-13 17:20:00+00:00,2026-05-13 17:55:00+00:00,79315.86,79499.067006,0.002309840755682302,0.001509840755682302,7,false_squeeze,3,79238.6,4,0.5148592605461588,6.578969999999888,6.329630000000002,0.4575644955528459,-12.864470000000122,-14.066880000000005,0.0015881969829789622,True,adaptive,with_cost
downtrend_highvol_forced_cover_signal,adaptive,,3673,3674,3680,2026-05-13 18:05:00+00:00,2026-05-13 18:10:00+00:00,2026-05-13 18:40:00+00:00,79613.649546,79631.360542,0.0002224618027308889,-0.0005775381972691111,6,false_squeeze,3,79596.27,3,0.6460493835505687,37.59474999999989,22.361250000000005,0.47507059030493065,-7.726000000000123,-52.70878999999999,0.0010097415412873012,False,adaptive,with_cost
downtrend_highvol_forced_cover_signal,adaptive,,5090,5091,5093,2026-05-18 16:10:00+00:00,2026-05-18 16:15:00+00:00,2026-05-18 16:25:00+00:00,76524.521844,76263.084332,-0.003416388703910589,-0.004216388703910589,2,false_squeeze,4,76485.29,3,0.42926045439166727,-54.29889000000012,26.859699999999982,0.3965928557650251,-79.86457000000016,-10.182390000000012,-0.003210904625451816,False,adaptive,with_cost
downtrend_highvol_forced_cover_signal,adaptive,,6250,6251,6253,2026-05-22 16:50:00+00:00,2026-05-22 16:55:00+00:00,2026-05-22 17:05:00+00:00,77014.85989200001,76933.79016399999,-0.0010526504639974954,-0.0018526504639974953,2,false_squeeze,4,76975.1,5,0.7377154300753295,95.95592999999985,40.94180000000001,0.3907923295647681,-20.369620000000168,-47.07983000000001,-0.005057606405505122,False,adaptive,with_cost
downtrend_highvol_forced_cover_signal,adaptive,,6816,6817,6822,2026-05-24 16:00:00+00:00,2026-05-24 16:05:00+00:00,2026-05-24 16:30:00+00:00,76584.003738,76543.418254,-0.0005299472738307109,-0.0013299472738307109,5,false_squeeze,3,76539.38,4,0.5581474276006726,20.316409999999827,21.17819,0.4380223144086861,-6.213320000000169,-27.412099999999988,-0.006380827329484751,False,adaptive,with_cost
downtrend_highvol_forced_cover_signal,adaptive,,7671,7672,7676,2026-05-27 15:15:00+00:00,2026-05-27 15:20:00+00:00,2026-05-27 15:40:00+00:00,75236.124216,75186.969598,-0.0006533379877314838,-0.0014533379877314837,4,false_squeeze,3,75172.87,3,0.6234161388794356,43.24501999999979,40.585409999999996,0.48999414947689396,-3.023720000000205,-7.7722,-0.00782489181846513,False,adaptive,with_cost
downtrend_highvol_forced_cover_signal,adaptive,,7716,7717,7719,2026-05-27 19:00:00+00:00,2026-05-27 19:05:00+00:00,2026-05-27 19:15:00+00:00,75066.91037999999,74988.9992,-0.001037889791994706,-0.001837889791994706,2,false_squeeze,4,75032.01,3,0.7019501613946663,57.10097999999979,1.5047599999999974,0.47495243166520273,-5.710540000000208,-5.386859999999999,-0.009648400321663253,False,adaptive,with_cost
downtrend_highvol_forced_cover_signal,adaptive,,8244,8245,8248,2026-05-29 15:00:00+00:00,2026-05-29 15:05:00+00:00,2026-05-29 15:20:00+00:00,73328.602788,73587.2796,0.0035276386316516195,0.0027276386316516196,3,false_squeeze,3,73198.17,5,0.6500951573594487,139.25828999999976,35.74498,0.4658193223262545,-24.964210000000225,-213.28117000000003,-0.006947079039462567,True,adaptive,with_cost
downtrend_highvol_forced_cover_signal,adaptive,,8825,8826,8828,2026-05-31 15:25:00+00:00,2026-05-31 15:30:00+00:00,2026-05-31 15:40:00+00:00,73763.409732,73623.732308,-0.0018935868678993106,-0.0026935868678993106,2,false_squeeze,4,73742.0,3,0.7170075872737713,28.465379999999723,20.5799,0.43208016209774935,-8.333180000000274,-25.80489,-0.009621953346490963,False,adaptive,with_cost
downtrend_highvol_forced_cover_signal,adaptive,,8850,8851,8858,2026-05-31 17:30:00+00:00,2026-05-31 17:35:00+00:00,2026-05-31 18:10:00+00:00,73674.98204999999,73639.2692,-0.00048473510282986965,-0.0012847351028298696,7,false_squeeze,3,73610.36,3,0.7465909592783798,16.415209999999725,13.225670000000001,0.3123487142358246,-18.785500000000283,-19.767930000000003,-0.010894326788098874,False,adaptive,with_cost
downtrend_highvol_forced_cover_signal,adaptive,,9035,9036,9038,2026-06-01 08:55:00+00:00,2026-06-01 09:00:00+00:00,2026-06-01 09:10:00+00:00,72917.22052799999,72958.74533199999,0.0005694787006322866,-0.00023052129936771348,2,false_squeeze,3,72865.58,4,0.7317682861651428,59.93055999999973,109.96245,0.48917322914030786,-2.953170000000256,-67.61092999999998,-0.0111223367130997,False,adaptive,with_cost
downtrend_highvol_forced_cover_signal,adaptive,,9129,9130,9130,2026-06-01 16:45:00+00:00,2026-06-01 16:50:00+00:00,2026-06-01 16:50:00+00:00,71394.045954,71411.86477,0.00024958406211461615,-0.0005504159378853839,0,extreme_vol_exit,0,71356.0,3,0.5819339098730052,133.02346999999975,-207.13461000000007,0.5027932667634437,2.0858999999996684,-130.93757000000008,-0.011666630739591732,False,adaptive,with_cost
downtrend_highvol_forced_cover_signal,adaptive,,9270,9271,9273,2026-06-02 04:30:00+00:00,2026-06-02 04:35:00+00:00,2026-06-02 04:45:00+00:00,71044.19599800001,70895.798004,-0.0020888123500502065,-0.0028888123500502064,2,false_squeeze,4,71028.25,3,0.6132697817007485,27.61560999999966,16.302759999999992,0.46771404636366326,-6.484730000000344,-24.44857,-0.01452174038267795,False,adaptive,with_cost
downtrend_highvol_forced_cover_signal,adaptive,,9507,9508,9510,2026-06-03 00:15:00+00:00,2026-06-03 00:20:00+00:00,2026-06-03 00:30:00+00:00,67099.137144,66750.28872998834,-0.005198999999999843,-0.005998999999999843,2,stop_loss,0,66912.0,3,0.5548485860125352,50.51424999999954,109.22464,0.49746887362999176,-0.9977200000004736,-63.95442000000001,-0.020433624462122157,False,adaptive,with_cost
downtrend_highvol_forced_cover_signal,adaptive,,10169,10170,10171,2026-06-05 07:25:00+00:00,2026-06-05 07:30:00+00:00,2026-06-05 07:35:00+00:00,62265.390588,62755.4464,0.007870436648227619,0.0070704366482276185,1,extreme_vol_exit,0,62203.29,3,0.5833030952443384,86.53159999999971,52.9136,0.5961791145731206,151.49794999999978,14.047530000000052,-0.01350766246114754,True,adaptive,with_cost
downtrend_highvol_forced_cover_signal,adaptive,,881,882,885,2026-05-04 01:25:00+00:00,2026-05-04 01:30:00+00:00,2026-05-04 01:45:00+00:00,78605.69,78980.23,0.004764795016747536,0.004764795016747536,3,false_squeeze,3,78585.86,4,0.6687443949436331,33.08244999999995,9.808639999999997,0.3720234393101028,-23.66282000000005,-36.62149000000001,0.004764795016747536,True,adaptive,no_cost
downtrend_highvol_forced_cover_signal,adaptive,,1455,1456,1468,2026-05-06 01:15:00+00:00,2026-05-06 01:20:00+00:00,2026-05-06 02:20:00+00:00,81287.6,81289.76,2.6572318533091277e-05,2.6572318533091277e-05,12,time_stop,1,81262.28,3,0.6651863353939748,42.08853999999991,17.0036,0.6921915468425677,32.02574999999991,-21.03199,0.004791493946931569,True,adaptive,no_cost
downtrend_highvol_forced_cover_signal,adaptive,,1943,1944,1947,2026-05-07 17:55:00+00:00,2026-05-07 18:00:00+00:00,2026-05-07 18:15:00+00:00,80094.52,80170.0,0.0009423865702671286,0.0009423865702671286,3,false_squeeze,3,79948.66,3,0.6189537486851147,44.76761999999988,24.85457,0.4817457741150509,-4.215260000000111,-13.231220000000004,0.0057383959567458565,True,adaptive,no_cost
downtrend_highvol_forced_cover_signal,adaptive,,2060,2061,2063,2026-05-08 03:40:00+00:00,2026-05-08 03:45:00+00:00,2026-05-08 03:55:00+00:00,79646.13,79578.85,-0.0008447365866991463,-0.0008447365866991463,2,false_squeeze,4,79642.55,3,0.6304708710788978,15.850759999999879,8.35204,0.4636009804367196,-4.516220000000119,-3.4663000000000004,0.004888811937033166,False,adaptive,no_cost
downtrend_highvol_forced_cover_signal,adaptive,,3663,3664,3671,2026-05-13 17:15:00+00:00,2026-05-13 17:20:00+00:00,2026-05-13 17:55:00+00:00,79300.0,79514.97,0.0027108448928121476,0.0027108448928121476,7,false_squeeze,3,79238.6,4,0.5148592605461588,6.578969999999888,6.329630000000002,0.4575644955528459,-12.864470000000122,-14.066880000000005,0.007612909640716703,True,adaptive,no_cost
downtrend_highvol_forced_cover_signal,adaptive,,3673,3674,3680,2026-05-13 18:05:00+00:00,2026-05-13 18:10:00+00:00,2026-05-13 18:40:00+00:00,79597.73,79647.29,0.0006226308212557985,0.0006226308212557985,6,false_squeeze,3,79596.27,3,0.6460493835505687,37.59474999999989,22.361250000000005,0.47507059030493065,-7.726000000000123,-52.70878999999999,0.00824028049415415,True,adaptive,no_cost
downtrend_highvol_forced_cover_signal,adaptive,,5090,5091,5093,2026-05-18 16:10:00+00:00,2026-05-18 16:15:00+00:00,2026-05-18 16:25:00+00:00,76509.22,76278.34,-0.003017675516754803,-0.003017675516754803,2,false_squeeze,4,76485.29,3,0.42926045439166727,-54.29889000000012,26.859699999999982,0.3965928557650251,-79.86457000000016,-10.182390000000012,0.005197738484700842,False,adaptive,no_cost
downtrend_highvol_forced_cover_signal,adaptive,,6250,6251,6253,2026-05-22 16:50:00+00:00,2026-05-22 16:55:00+00:00,2026-05-22 17:05:00+00:00,76999.46,76949.18,-0.0006529915924087248,-0.0006529915924087248,2,false_squeeze,4,76975.1,5,0.7377154300753295,95.95592999999985,40.94180000000001,0.3907923295647681,-20.369620000000168,-47.07983000000001,0.004541352812762023,False,adaptive,no_cost
downtrend_highvol_forced_cover_signal,adaptive,,6816,6817,6822,2026-05-24 16:00:00+00:00,2026-05-24 16:05:00+00:00,2026-05-24 16:30:00+00:00,76568.69,76558.73,-0.00013007927914143735,-0.00013007927914143735,5,false_squeeze,3,76539.38,4,0.5581474276006726,20.316409999999827,21.17819,0.4380223144086861,-6.213320000000169,-27.412099999999988,0.004410682797720389,False,adaptive,no_cost
downtrend_highvol_forced_cover_signal,adaptive,,7671,7672,7676,2026-05-27 15:15:00+00:00,2026-05-27 15:20:00+00:00,2026-05-27 15:40:00+00:00,75221.08,75202.01,-0.00025351935920103763,-0.00025351935920103763,4,false_squeeze,3,75172.87,3,0.6234161388794356,43.24501999999979,40.585409999999996,0.48999414947689396,-3.023720000000205,-7.7722,0.004156045245042872,False,adaptive,no_cost
downtrend_highvol_forced_cover_signal,adaptive,,7716,7717,7719,2026-05-27 19:00:00+00:00,2026-05-27 19:05:00+00:00,2026-05-27 19:15:00+00:00,75051.9,75004.0,-0.0006382250149562507,-0.0006382250149562507,2,false_squeeze,4,75032.01,3,0.7019501613946663,57.10097999999979,1.5047599999999974,0.47495243166520273,-5.710540000000208,-5.386859999999999,0.003515167738048053,False,adaptive,no_cost
downtrend_highvol_forced_cover_signal,adaptive,,8244,8245,8248,2026-05-29 15:00:00+00:00,2026-05-29 15:05:00+00:00,2026-05-29 15:20:00+00:00,73313.94,73602.0,0.0039291299853752015,0.0039291299853752015,3,false_squeeze,3,73198.17,5,0.6500951573594487,139.25828999999976,35.74498,0.4658193223262545,-24.964210000000225,-213.28117000000003,0.007458109274386393,True,adaptive,no_cost
downtrend_highvol_forced_cover_signal,adaptive,,8825,8826,8828,2026-05-31 15:25:00+00:00,2026-05-31 15:30:00+00:00,2026-05-31 15:40:00+00:00,73748.66,73638.46,-0.0014942644381605863,-0.0014942644381605863,2,false_squeeze,4,73742.0,3,0.7170075872737713,28.465379999999723,20.5799,0.43208016209774935,-8.333180000000274,-25.80489,0.005952700448761172,False,adaptive,no_cost
downtrend_highvol_forced_cover_signal,adaptive,,8850,8851,8858,2026-05-31 17:30:00+00:00,2026-05-31 17:35:00+00:00,2026-05-31 18:10:00+00:00,73660.25,73654.0,-8.484901965444269e-05,-8.484901965444269e-05,7,false_squeeze,3,73610.36,3,0.7465909592783798,16.415209999999725,13.225670000000001,0.3123487142358246,-18.785500000000283,-19.767930000000003,0.005867346348309432,False,adaptive,no_cost
downtrend_highvol_forced_cover_signal,adaptive,,9035,9036,9038,2026-06-01 08:55:00+00:00,2026-06-01 09:00:00+00:00,2026-06-01 09:10:00+00:00,72902.64,72973.34,0.0009697865536830719,0.0009697865536830719,2,false_squeeze,3,72865.58,4,0.7317682861651428,59.93055999999973,109.96245,0.48917322914030786,-2.953170000000256,-67.61092999999998,0.006842822975586804,True,adaptive,no_cost
downtrend_highvol_forced_cover_signal,adaptive,,9129,9130,9130,2026-06-01 16:45:00+00:00,2026-06-01 16:50:00+00:00,2026-06-01 16:50:00+00:00,71379.77,71426.15,0.000649763931713343,0.000649763931713343,0,extreme_vol_exit,0,71356.0,3,0.5819339098730052,133.02346999999975,-207.13461000000007,0.5027932667634437,2.0858999999996684,-130.93757000000008,0.007497033126860675,True,adaptive,no_cost
downtrend_highvol_forced_cover_signal,adaptive,,9270,9271,9273,2026-06-02 04:30:00+00:00,2026-06-02 04:35:00+00:00,2026-06-02 04:45:00+00:00,71029.99,70909.98,-0.0016895680261254098,-0.0016895680261254098,2,false_squeeze,4,71028.25,3,0.6132697817007485,27.61560999999966,16.302759999999992,0.46771404636366326,-6.484730000000344,-24.44857,0.005794798353273345,False,adaptive,no_cost
downtrend_highvol_forced_cover_signal,adaptive,,9507,9508,9510,2026-06-03 00:15:00+00:00,2026-06-03 00:20:00+00:00,2026-06-03 00:30:00+00:00,67085.72,66750.2914,-0.0050000000000000044,-0.0050000000000000044,2,stop_loss,0,66912.0,3,0.5548485860125352,50.51424999999954,109.22464,0.49746887362999176,-0.9977200000004736,-63.95442000000001,0.0007658243615069615,False,adaptive,no_cost
downtrend_highvol_forced_cover_signal,adaptive,,10169,10170,10171,2026-06-05 07:25:00+00:00,2026-06-05 07:30:00+00:00,2026-06-05 07:35:00+00:00,62252.94,62768.0,0.008273665468650826,0.008273665468650826,1,extreme_vol_exit,0,62203.29,3,0.5833030952443384,86.53159999999971,52.9136,0.5961791145731206,151.49794999999978,14.047530000000052,0.009045826004732582,True,adaptive,no_cost
downtrend_highvol_forced_cover_signal,fixed_horizon,6,881,882,888,2026-05-04 01:25:00+00:00,2026-05-04 01:30:00+00:00,2026-05-04 02:00:00+00:00,78621.411138,79714.063998,0.013897650069929712,0.013097650069929712,6,fixed_6b_exit,0,78585.86,4,0.6687443949436331,33.08244999999995,9.808639999999997,0.6352006666777386,469.0757900000001,227.35783000000006,0.0130976500699298,True,fixed_6b,with_cost
downtrend_highvol_forced_cover_signal,fixed_horizon,6,1455,1456,1462,2026-05-06 01:15:00+00:00,2026-05-06 01:20:00+00:00,2026-05-06 01:50:00+00:00,81303.85752,81430.400662,0.0015564223624797702,0.0007564223624797701,6,fixed_6b_exit,0,81262.28,3,0.6651863353939748,42.08853999999991,17.0036,0.7336136632052164,113.39374999999993,50.06621000000001,0.013863979787818392,True,fixed_6b,with_cost
downtrend_highvol_forced_cover_signal,fixed_horizon,6,1943,1944,1950,2026-05-07 17:55:00+00:00,2026-05-07 18:00:00+00:00,2026-05-07 18:30:00+00:00,80110.538904,80167.543284,0.0007115715457650662,-8.842845423493383e-05,6,fixed_6b_exit,0,79948.66,3,0.6189537486851147,44.76761999999988,24.85457,0.381618218752479,-19.751020000000118,1.8678599999999967,0.013774325363281159,False,fixed_6b,with_cost
downtrend_highvol_forced_cover_signal,fixed_horizon,6,2060,2061,2067,2026-05-08 03:40:00+00:00,2026-05-08 03:45:00+00:00,2026-05-08 04:15:00+00:00,79662.059226,79710.15478000001,0.0006037447998119561,-0.00019625520018804398,6,fixed_6b_exit,0,79642.55,3,0.6304708710788978,15.850759999999879,8.35204,0.6133239405128232,17.556919999999888,5.44652,0.013575366880111517,False,fixed_6b,with_cost
downtrend_highvol_forced_cover_signal,fixed_horizon,6,3663,3664,3670,2026-05-13 17:15:00+00:00,2026-05-13 17:20:00+00:00,2026-05-13 17:50:00+00:00,79315.86,79450.166788,0.001693315662214312,0.0008933156622143119,6,fixed_6b_exit,0,79238.6,4,0.5148592605461588,6.578969999999888,6.329630000000002,0.5044565417775443,1.2024099999998832,-0.3366399999999956,0.01448080963018028,True,fixed_6b,with_cost
downtrend_highvol_forced_cover_signal,fixed_horizon,6,3673,3674,3680,2026-05-13 18:05:00+00:00,2026-05-13 18:10:00+00:00,2026-05-13 18:40:00+00:00,79613.649546,79631.360542,0.0002224618027308889,-0.0005775381972691111,6,fixed_6b_exit,0,79596.27,3,0.6460493835505687,37.59474999999989,22.361250000000005,0.47507059030493065,-7.726000000000123,-52.70878999999999,0.01389490821222239,False,fixed_6b,with_cost
downtrend_highvol_forced_cover_signal,fixed_horizon,6,5090,5091,5097,2026-05-18 16:10:00+00:00,2026-05-18 16:15:00+00:00,2026-05-18 16:45:00+00:00,76524.521844,76418.78318600002,-0.0013817617601785681,-0.002181761760178568,6,fixed_6b_exit,0,76485.29,3,0.42926045439166727,-54.29889000000012,26.859699999999982,0.4037640648923462,-50.009200000000135,-33.01601,0.011682831072645117,False,fixed_6b,with_cost
downtrend_highvol_forced_cover_signal,fixed_horizon,6,6250,6251,6257,2026-05-22 16:50:00+00:00,2026-05-22 16:55:00+00:00,2026-05-22 17:25:00+00:00,77014.85989200001,77044.72797200001,0.00038782229873413065,-0.0004121777012658694,6,fixed_6b_exit,0,76975.1,5,0.7377154300753295,95.95592999999985,40.94180000000001,0.4570672019247461,-12.081480000000163,17.928110000000004,0.011265837968923442,False,fixed_6b,with_cost
downtrend_highvol_forced_cover_signal,fixed_horizon,6,6816,6817,6823,2026-05-24 16:00:00+00:00,2026-05-24 16:05:00+00:00,2026-05-24 16:35:00+00:00,76584.003738,76499.886962,-0.001098359603759591,-0.001898359603759591,6,fixed_6b_exit,0,76539.38,4,0.5581474276006726,20.316409999999827,21.17819,0.38474529050023554,-14.652730000000169,-8.439409999999999,0.009346091753461128,False,fixed_6b,with_cost
downtrend_highvol_forced_cover_signal,fixed_horizon,6,7671,7672,7678,2026-05-27 15:15:00+00:00,2026-05-27 15:20:00+00:00,2026-05-27 15:50:00+00:00,75236.124216,75261.09477,0.00033189580484371817,-0.00046810419515628187,6,fixed_6b_exit,0,75172.87,3,0.6234161388794356,43.24501999999979,40.585409999999996,0.5754489452816749,36.38804999999978,26.26462999999999,0.008873612613546689,False,fixed_6b,with_cost
downtrend_highvol_forced_cover_signal,fixed_horizon,6,7716,7717,7723,2026-05-27 19:00:00+00:00,2026-05-27 19:05:00+00:00,2026-05-27 19:35:00+00:00,75066.91037999999,75038.99919799999,-0.00037181738077007864,-0.0011718173807700786,6,fixed_6b_exit,0,75032.01,3,0.7019501613946663,57.10097999999979,1.5047599999999974,0.4000797880731509,-84.8121300000002,-220.23208,0.007691396979285781,False,fixed_6b,with_cost
downtrend_highvol_forced_cover_signal,fixed_horizon,6,8244,8245,8251,2026-05-29 15:00:00+00:00,2026-05-29 15:05:00+00:00,2026-05-29 15:35:00+00:00,73328.602788,74096.10781399999,0.010466652804212329,0.009666652804212328,6,fixed_6b_exit,0,73198.17,5,0.6500951573594487,139.25828999999976,35.74498,0.6700885234598339,193.63663999999977,51.635980000000046,0.017432399847676416,True,fixed_6b,with_cost
downtrend_highvol_forced_cover_signal,fixed_horizon,6,8825,8826,8832,2026-05-31 15:25:00+00:00,2026-05-31 15:30:00+00:00,2026-05-31 16:00:00+00:00,73763.409732,73674.252202,-0.0012086958876212917,-0.0020086958876212916,6,fixed_6b_exit,0,73742.0,3,0.7170075872737713,28.465379999999723,20.5799,0.21056103304236523,-42.24683000000027,5.352170000000001,0.015388687570169646,False,fixed_6b,with_cost
downtrend_highvol_forced_cover_signal,fixed_horizon,6,8850,8851,8857,2026-05-31 17:30:00+00:00,2026-05-31 17:35:00+00:00,2026-05-31 18:05:00+00:00,73674.98204999999,73618.143426,-0.0007714779483952716,-0.0015714779483952715,6,fixed_6b_exit,0,73610.36,3,0.7465909592783798,16.415209999999725,13.225670000000001,0.5059296214537568,0.9824299999997201,-15.763330000000007,0.013793026638603045,False,fixed_6b,with_cost
downtrend_highvol_forced_cover_signal,fixed_horizon,6,9035,9036,9042,2026-06-01 08:55:00+00:00,2026-06-01 09:00:00+00:00,2026-06-01 09:30:00+00:00,72917.22052799999,72979.041272,0.0008478209063971232,4.7820906397123115e-05,6,fixed_6b_exit,0,72865.58,4,0.7317682861651428,59.93055999999973,109.96245,0.5325592914498196,15.698449999999735,5.016929999999999,0.01384150714003618,True,fixed_6b,with_cost
downtrend_highvol_forced_cover_signal,fixed_horizon,6,9129,9130,9136,2026-06-01 16:45:00+00:00,2026-06-01 16:50:00+00:00,2026-06-01 17:20:00+00:00,71394.045954,71531.370864,0.0019234784660961957,0.0011234784660961957,6,fixed_6b_exit,0,71356.0,3,0.5819339098730052,133.02346999999975,-207.13461000000007,0.6233784913838664,40.45236999999965,4.242449999999998,0.014980536241342657,True,fixed_6b,with_cost
downtrend_highvol_forced_cover_signal,fixed_horizon,6,9270,9271,9277,2026-06-02 04:30:00+00:00,2026-06-02 04:35:00+00:00,2026-06-02 05:05:00+00:00,71044.19599800001,70667.87359799999,-0.0052970182111795605,-0.006097018211179561,6,fixed_6b_exit,0,71028.25,3,0.6132697817007485,27.61560999999966,16.302759999999992,0.40255366661089714,-31.719450000000343,-2.1985699999999895,0.008792181427886403,False,fixed_6b,with_cost
downtrend_highvol_forced_cover_signal,fixed_horizon,6,9507,9508,9514,2026-06-03 00:15:00+00:00,2026-06-03 00:20:00+00:00,2026-06-03 00:50:00+00:00,67099.137144,67011.185082,-0.001310777839232835,-0.002110777839232835,6,fixed_6b_exit,0,66912.0,3,0.5548485860125352,50.51424999999954,109.22464,0.4939070214571006,-2.679870000000463,-25.42908,0.006662845246937055,False,fixed_6b,with_cost
downtrend_highvol_forced_cover_signal,fixed_horizon,6,10169,10170,10176,2026-06-05 07:25:00+00:00,2026-06-05 07:30:00+00:00,2026-06-05 08:00:00+00:00,62265.390588,62861.385208,0.009571844235967353,0.008771844235967352,6,fixed_6b_exit,0,62203.29,3,0.5833030952443384,86.53159999999971,52.9136,0.5706435064290614,99.14081999999974,-22.71456999999998,0.015493134923578955,True,fixed_6b,with_cost
downtrend_highvol_forced_cover_signal,fixed_horizon,6,881,882,888,2026-05-04 01:25:00+00:00,2026-05-04 01:30:00+00:00,2026-05-04 02:00:00+00:00,78605.69,79730.01,0.01430329025799515,0.01430329025799515,6,fixed_6b_exit,0,78585.86,4,0.6687443949436331,33.08244999999995,9.808639999999997,0.6352006666777386,469.0757900000001,227.35783000000006,0.01430329025799515,True,fixed_6b,no_cost
downtrend_highvol_forced_cover_signal,fixed_horizon,6,1455,1456,1462,2026-05-06 01:15:00+00:00,2026-05-06 01:20:00+00:00,2026-05-06 01:50:00+00:00,81287.6,81446.69,0.001957125071966548,0.001957125071966548,6,fixed_6b_exit,0,81262.28,3,0.6651863353939748,42.08853999999991,17.0036,0.7336136632052164,113.39374999999993,50.06621000000001,0.016288408657937126,True,fixed_6b,no_cost
downtrend_highvol_forced_cover_signal,fixed_horizon,6,1943,1944,1950,2026-05-07 17:55:00+00:00,2026-05-07 18:00:00+00:00,2026-05-07 18:30:00+00:00,80094.52,80183.58,0.0011119362473237526,0.0011119362473237526,6,fixed_6b_exit,0,79948.66,3,0.6189537486851147,44.76761999999988,24.85457,0.381618218752479,-19.751020000000118,1.8678599999999967,0.017418456577258823,True,fixed_6b,no_cost
downtrend_highvol_forced_cover_signal,fixed_horizon,6,2060,2061,2067,2026-05-08 03:40:00+00:00,2026-05-08 03:45:00+00:00,2026-05-08 04:15:00+00:00,79646.13,79726.1,0.001004066362044309,0.001004066362044309,6,fixed_6b_exit,0,79642.55,3,0.6304708710788978,15.850759999999879,8.35204,0.6133239405128232,17.556919999999888,5.44652,0.018440012225631186,True,fixed_6b,no_cost
downtrend_highvol_forced_cover_signal,fixed_horizon,6,3663,3664,3670,2026-05-13 17:15:00+00:00,2026-05-13 17:20:00+00:00,2026-05-13 17:50:00+00:00,79300.0,79466.06,0.0020940731399747836,0.0020940731399747836,6,fixed_6b_exit,0,79238.6,4,0.5148592605461588,6.578969999999888,6.329630000000002,0.5044565417775443,1.2024099999998832,-0.3366399999999956,0.020572700099908525,True,fixed_6b,no_cost
downtrend_highvol_forced_cover_signal,fixed_horizon,6,3673,3674,3680,2026-05-13 18:05:00+00:00,2026-05-13 18:10:00+00:00,2026-05-13 18:40:00+00:00,79597.73,79647.29,0.0006226308212557985,0.0006226308212557985,6,fixed_6b_exit,0,79596.27,3,0.6460493835505687,37.59474999999989,22.361250000000005,0.47507059030493065,-7.726000000000123,-52.70878999999999,0.02120814011832306,True,fixed_6b,no_cost
downtrend_highvol_forced_cover_signal,fixed_horizon,6,5090,5091,5097,2026-05-18 16:10:00+00:00,2026-05-18 16:15:00+00:00,2026-05-18 16:45:00+00:00,76509.22,76434.07,-0.000982234559442574,-0.000982234559442574,6,fixed_6b_exit,0,76485.29,3,0.42926045439166727,-54.29889000000012,26.859699999999982,0.4037640648923462,-50.009200000000135,-33.01601,0.02020507419071471,False,fixed_6b,no_cost
downtrend_highvol_forced_cover_signal,fixed_horizon,6,6250,6251,6257,2026-05-22 16:50:00+00:00,2026-05-22 16:55:00+00:00,2026-05-22 17:25:00+00:00,76999.46,77060.14,0.0007880574746887969,0.0007880574746887969,6,fixed_6b_exit,0,76975.1,5,0.7377154300753295,95.95592999999985,40.94180000000001,0.4570672019247461,-12.081480000000163,17.928110000000004,0.021009054425146223,True,fixed_6b,no_cost
downtrend_highvol_forced_cover_signal,fixed_horizon,6,6816,6817,6823,2026-05-24 16:00:00+00:00,2026-05-24 16:05:00+00:00,2026-05-24 16:35:00+00:00,76568.69,76515.19,-0.0006987190194843729,-0.0006987190194843729,6,fixed_6b_exit,0,76539.38,4,0.5581474276006726,20.316409999999827,21.17819,0.38474529050023554,-14.652730000000169,-8.439409999999999,0.02029565597975358,False,fixed_6b,no_cost
downtrend_highvol_forced_cover_signal,fixed_horizon,6,7671,7672,7678,2026-05-27 15:15:00+00:00,2026-05-27 15:20:00+00:00,2026-05-27 15:50:00+00:00,75221.08,75276.15,0.000732108605725923,0.000732108605725923,6,fixed_6b_exit,0,75172.87,3,0.6234161388794356,43.24501999999979,40.585409999999996,0.5754489452816749,36.38804999999978,26.26462999999999,0.02104262320988104,True,fixed_6b,no_cost
downtrend_highvol_forced_cover_signal,fixed_horizon,6,7716,7717,7723,2026-05-27 19:00:00+00:00,2026-05-27 19:05:00+00:00,2026-05-27 19:35:00+00:00,75051.9,75054.01,2.8113878529412162e-05,2.8113878529412162e-05,6,fixed_6b_exit,0,75032.01,3,0.7019501613946663,57.10097999999979,1.5047599999999974,0.4000797880731509,-84.8121300000002,-220.23208,0.021071328678163415,True,fixed_6b,no_cost
downtrend_highvol_forced_cover_signal,fixed_horizon,6,8244,8245,8251,2026-05-29 15:00:00+00:00,2026-05-29 15:05:00+00:00,2026-05-29 15:35:00+00:00,73313.94,74110.93,0.010870920318836852,0.010870920318836852,6,fixed_6b_exit,0,73198.17,5,0.6500951573594487,139.25828999999976,35.74498,0.6700885234598339,193.63663999999977,51.635980000000046,0.03217131373207249,True,fixed_6b,no_cost
downtrend_highvol_forced_cover_signal,fixed_horizon,6,8825,8826,8832,2026-05-31 15:25:00+00:00,2026-05-31 15:30:00+00:00,2026-05-31 16:00:00+00:00,73748.66,73688.99,-0.0008090994466882773,-0.0008090994466882773,6,fixed_6b_exit,0,73742.0,3,0.7170075872737713,28.465379999999723,20.5799,0.21056103304236523,-42.24683000000027,5.352170000000001,0.03133618449324427,False,fixed_6b,no_cost
downtrend_highvol_forced_cover_signal,fixed_horizon,6,8850,8851,8857,2026-05-31 17:30:00+00:00,2026-05-31 17:35:00+00:00,2026-05-31 18:05:00+00:00,73660.25,73632.87,-0.00037170658530216727,-0.00037170658530216727,6,fixed_6b_exit,0,73610.36,3,0.7465909592783798,16.415209999999725,13.225670000000001,0.5059296214537568,0.9824299999997201,-15.763330000000007,0.03095283004180782,False,fixed_6b,no_cost
downtrend_highvol_forced_cover_signal,fixed_horizon,6,9035,9036,9042,2026-06-01 08:55:00+00:00,2026-06-01 09:00:00+00:00,2026-06-01 09:30:00+00:00,72902.64,72993.64,0.0012482401186020287,0.0012482401186020287,6,fixed_6b_exit,0,72865.58,4,0.7317682861651428,59.93055999999973,109.96245,0.5325592914498196,15.698449999999735,5.016929999999999,0.03223970672465226,True,fixed_6b,no_cost
downtrend_highvol_forced_cover_signal,fixed_horizon,6,9129,9130,9136,2026-06-01 16:45:00+00:00,2026-06-01 16:50:00+00:00,2026-06-01 17:20:00+00:00,71379.77,71545.68,0.0023243280273947953,0.0023243280273947953,6,fixed_6b_exit,0,71356.0,3,0.5819339098730052,133.02346999999975,-207.13461000000007,0.6233784913838664,40.45236999999965,4.242449999999998,0.03463897040598218,True,fixed_6b,no_cost
downtrend_highvol_forced_cover_signal,fixed_horizon,6,9270,9271,9277,2026-06-02 04:30:00+00:00,2026-06-02 04:35:00+00:00,2026-06-02 05:05:00+00:00,71029.99,70682.01,-0.00489905742630703,-0.00489905742630703,6,fixed_6b_exit,0,71028.25,3,0.6132697817007485,27.61560999999966,16.302759999999992,0.40255366661089714,-31.719450000000343,-2.1985699999999895,0.029570214674468076,False,fixed_6b,no_cost
downtrend_highvol_forced_cover_signal,fixed_horizon,6,9507,9508,9514,2026-06-03 00:15:00+00:00,2026-06-03 00:20:00+00:00,2026-06-03 00:50:00+00:00,67085.72,67024.59,-0.0009112222392485547,-0.0009112222392485547,6,fixed_6b_exit,0,66912.0,3,0.5548485860125352,50.51424999999954,109.22464,0.4939070214571006,-2.679870000000463,-25.42908,0.028632047397988858,False,fixed_6b,no_cost
downtrend_highvol_forced_cover_signal,fixed_horizon,6,10169,10170,10176,2026-06-05 07:25:00+00:00,2026-06-05 07:30:00+00:00,2026-06-05 08:00:00+00:00,62252.94,62873.96,0.009975753755565586,0.009975753755565586,6,fixed_6b_exit,0,62203.29,3,0.5833030952443384,86.53159999999971,52.9136,0.5706435064290614,99.14081999999974,-22.71456999999998,0.03889342740791446,True,fixed_6b,no_cost
downtrend_highvol_forced_cover_signal,fixed_horizon,12,881,882,894,2026-05-04 01:25:00+00:00,2026-05-04 01:30:00+00:00,2026-05-04 02:30:00+00:00,78621.411138,79735.90962800001,0.014175508603423426,0.013375508603423425,12,fixed_12b_exit,0,78585.86,4,0.6687443949436331,33.08244999999995,9.808639999999997,0.43392676560363797,-28.44268000000006,16.535050000000005,0.013375508603423514,True,fixed_12b,with_cost
downtrend_highvol_forced_cover_signal,fixed_horizon,12,1455,1456,1468,2026-05-06 01:15:00+00:00,2026-05-06 01:20:00+00:00,2026-05-06 02:20:00+00:00,81303.85752,81273.502048,-0.0003733583242657712,-0.0011733583242657711,12,fixed_12b_exit,0,81262.28,3,0.6651863353939748,42.08853999999991,17.0036,0.6921915468425677,32.02574999999991,-21.03199,0.01218645601479662,False,fixed_12b,with_cost
downtrend_highvol_forced_cover_signal,fixed_horizon,12,1943,1944,1956,2026-05-07 17:55:00+00:00,2026-05-07 18:00:00+00:00,2026-05-07 19:00:00+00:00,80110.538904,80064.813834,-0.0005707747148573361,-0.001370774714857336,12,fixed_12b_exit,0,79948.66,3,0.6189537486851147,44.76761999999988,24.85457,0.4000919493272549,-26.33376000000011,-0.8315299999999937,0.010798976414170491,False,fixed_12b,with_cost
downtrend_highvol_forced_cover_signal,fixed_horizon,12,2060,2061,2073,2026-05-08 03:40:00+00:00,2026-05-08 03:45:00+00:00,2026-05-08 04:45:00+00:00,79662.059226,79609.08499799999,-0.0006649869274621967,-0.0014649869274621966,12,fixed_12b_exit,0,79642.55,3,0.6304708710788978,15.850759999999879,8.35204,0.39035822327004593,-15.629580000000121,27.83122,0.009318169127431553,False,fixed_12b,with_cost
downtrend_highvol_forced_cover_signal,fixed_horizon,12,3663,3664,3676,2026-05-13 17:15:00+00:00,2026-05-13 17:20:00+00:00,2026-05-13 18:20:00+00:00,79315.86,79758.19516999999,0.005576881723276861,0.0047768817232768605,12,fixed_12b_exit,0,79238.6,4,0.5148592605461588,6.578969999999888,6.329630000000002,0.7090915050117589,108.32352999999989,35.79173,0.01413956264250782,True,fixed_12b,with_cost
downtrend_highvol_forced_cover_signal,fixed_horizon,12,5090,5091,5103,2026-05-18 16:10:00+00:00,2026-05-18 16:15:00+00:00,2026-05-18 17:15:00+00:00,76524.521844,76646.677598,0.0015962955541102275,0.0007962955541102275,12,fixed_12b_exit,0,76485.29,3,0.42926045439166727,-54.29889000000012,26.859699999999982,0.5725404177456732,24.42425999999986,21.625570000000003,0.014947117467487336,True,fixed_12b,with_cost
downtrend_highvol_forced_cover_signal,fixed_horizon,12,6250,6251,6263,2026-05-22 16:50:00+00:00,2026-05-22 16:55:00+00:00,2026-05-22 17:55:00+00:00,77014.85989200001,76734.65000000001,-0.003638387350089922,-0.0044383873500899226,12,fixed_12b_exit,0,76975.1,5,0.7377154300753295,95.95592999999985,40.94180000000001,0.2735384034224665,-26.04206000000016,-6.065389999999997,0.010442389020309362,False,fixed_12b,with_cost
downtrend_highvol_forced_cover_signal,fixed_horizon,12,6816,6817,6829,2026-05-24 16:00:00+00:00,2026-05-24 16:05:00+00:00,2026-05-24 17:05:00+00:00,76584.003738,76690.67879600001,0.0013929156585354985,0.0005929156585354984,12,fixed_12b_exit,0,76539.38,4,0.5581474276006726,20.316409999999827,21.17819,0.5283926094988033,4.659329999999828,-2.0711899999999996,0.011041496134807538,True,fixed_12b,with_cost
downtrend_highvol_forced_cover_signal,fixed_horizon,12,7671,7672,7684,2026-05-27 15:15:00+00:00,2026-05-27 15:20:00+00:00,2026-05-27 16:20:00+00:00,75236.124216,75048.347328,-0.0024958341482462787,-0.0032958341482462786,12,fixed_12b_exit,0,75172.87,3,0.6234161388794356,43.24501999999979,40.585409999999996,0.3493909269816099,-44.34448000000021,12.910879999999999,0.007709271046552502,False,fixed_12b,with_cost
downtrend_highvol_forced_cover_signal,fixed_horizon,12,7716,7717,7729,2026-05-27 19:00:00+00:00,2026-05-27 19:05:00+00:00,2026-05-27 20:05:00+00:00,75066.91037999999,75256.93560200001,0.0025314112574779113,0.0017314112574779114,12,fixed_12b_exit,0,75032.01,3,0.7019501613946663,57.10097999999979,1.5047599999999974,0.5943145070984408,25.916009999999787,1.0446699999999964,0.009454030222707521,True,fixed_12b,with_cost
downtrend_highvol_forced_cover_signal,fixed_horizon,12,8244,8245,8257,2026-05-29 15:00:00+00:00,2026-05-29 15:05:00+00:00,2026-05-29 16:05:00+00:00,73328.602788,73885.229998,0.007590860712418879,0.006790860712418878,12,fixed_12b_exit,0,73198.17,5,0.6500951573594487,139.25828999999976,35.74498,0.6609104841500658,53.645749999999786,9.069339999999997,0.016309091937539932,True,fixed_12b,with_cost
downtrend_highvol_forced_cover_signal,fixed_horizon,12,8825,8826,8838,2026-05-31 15:25:00+00:00,2026-05-31 15:30:00+00:00,2026-05-31 16:30:00+00:00,73763.409732,73423.96226999999,-0.004601840712533556,-0.005401840712533556,12,fixed_12b_exit,0,73742.0,3,0.7170075872737713,28.465379999999723,20.5799,0.28567642945464355,-52.37705000000027,-41.572019999999995,0.01081915210819373,False,fixed_12b,with_cost
downtrend_highvol_forced_cover_signal,fixed_horizon,12,8850,8851,8863,2026-05-31 17:30:00+00:00,2026-05-31 17:35:00+00:00,2026-05-31 18:35:00+00:00,73674.98204999999,73652.47655800001,-0.0003054699352992296,-0.0011054699352992295,12,fixed_12b_exit,0,73610.36,3,0.7465909592783798,16.415209999999725,13.225670000000001,0.5368934540426997,3.883159999999731,7.391179999999999,0.009701721925513329,False,fixed_12b,with_cost
downtrend_highvol_forced_cover_signal,fixed_horizon,12,9035,9036,9048,2026-06-01 08:55:00+00:00,2026-06-01 09:00:00+00:00,2026-06-01 10:00:00+00:00,72917.22052799999,72768.59337,-0.002038299827170631,-0.002838299827170631,12,fixed_12b_exit,0,72865.58,4,0.7317682861651428,59.93055999999973,109.96245,0.2096146331645603,-917.8228700000005,-9.91773999999998,0.006835885702678235,False,fixed_12b,with_cost
downtrend_highvol_forced_cover_signal,fixed_horizon,12,9129,9130,9142,2026-06-01 16:45:00+00:00,2026-06-01 16:50:00+00:00,2026-06-01 17:50:00+00:00,71394.045954,71701.636804,0.004308354371710177,0.003508354371710177,12,fixed_12b_exit,0,71356.0,3,0.5819339098730052,133.02346999999975,-207.13461000000007,0.7195248059933711,151.48843999999963,2.553280000000001,0.010368222783877945,True,fixed_12b,with_cost
downtrend_highvol_forced_cover_signal,fixed_horizon,12,9270,9271,9283,2026-06-02 04:30:00+00:00,2026-06-02 04:35:00+00:00,2026-06-02 05:35:00+00:00,71044.19599800001,70595.907994,-0.006309987715430454,-0.007109987715430454,12,fixed_12b_exit,0,71028.25,3,0.6132697817007485,27.61560999999966,16.302759999999992,0.520347901392211,8.76311999999967,30.34964000000001,0.003184517131823217,False,fixed_12b,with_cost
downtrend_highvol_forced_cover_signal,fixed_horizon,12,9507,9508,9520,2026-06-03 00:15:00+00:00,2026-06-03 00:20:00+00:00,2026-06-03 01:20:00+00:00,67099.137144,66930.821158,-0.002508467219761279,-0.003308467219761279,12,fixed_12b_exit,0,66912.0,3,0.5548485860125352,50.51424999999954,109.22464,0.46785877535847226,-13.404940000000462,4.671459999999993,-0.00013448595847953548,False,fixed_12b,with_cost
downtrend_highvol_forced_cover_signal,fixed_horizon,12,10169,10170,10182,2026-06-05 07:25:00+00:00,2026-06-05 07:30:00+00:00,2026-06-05 08:30:00+00:00,62265.390588,62689.899512,0.006817734860267821,0.006017734860267821,12,fixed_12b_exit,0,62203.29,3,0.5833030952443384,86.53159999999971,52.9136,0.5133321614536664,7.529879999999711,-55.10884,0.005882439600947809,True,fixed_12b,with_cost
downtrend_highvol_forced_cover_signal,fixed_horizon,12,881,882,894,2026-05-04 01:25:00+00:00,2026-05-04 01:30:00+00:00,2026-05-04 02:30:00+00:00,78605.69,79751.86,0.014581259957135329,0.014581259957135329,12,fixed_12b_exit,0,78585.86,4,0.6687443949436331,33.08244999999995,9.808639999999997,0.43392676560363797,-28.44268000000006,16.535050000000005,0.014581259957135329,True,fixed_12b,no_cost
downtrend_highvol_forced_cover_signal,fixed_horizon,12,1455,1456,1468,2026-05-06 01:15:00+00:00,2026-05-06 01:20:00+00:00,2026-05-06 02:20:00+00:00,81287.6,81289.76,2.6572318533091277e-05,2.6572318533091277e-05,12,fixed_12b_exit,0,81262.28,3,0.6651863353939748,42.08853999999991,17.0036,0.6921915468425677,32.02574999999991,-21.03199,0.014608219733552641,True,fixed_12b,no_cost
downtrend_highvol_forced_cover_signal,fixed_horizon,12,1943,1944,1956,2026-05-07 17:55:00+00:00,2026-05-07 18:00:00+00:00,2026-05-07 19:00:00+00:00,80094.52,80080.83,-0.00017092305441124278,-0.00017092305441124278,12,fixed_12b_exit,0,79948.66,3,0.6189537486851147,44.76761999999988,24.85457,0.4000919493272549,-26.33376000000011,-0.8315299999999937,0.014434799797605091,False,fixed_12b,no_cost
downtrend_highvol_forced_cover_signal,fixed_horizon,12,2060,2061,2073,2026-05-08 03:40:00+00:00,2026-05-08 03:45:00+00:00,2026-05-08 04:45:00+00:00,79646.13,79625.01,-0.00026517295943961905,-0.00026517295943961905,12,fixed_12b_exit,0,79642.55,3,0.6304708710788978,15.850759999999879,8.35204,0.39035822327004593,-15.629580000000121,27.83122,0.014165799119584266,False,fixed_12b,no_cost
downtrend_highvol_forced_cover_signal,fixed_horizon,12,3663,3664,3676,2026-05-13 17:15:00+00:00,2026-05-13 17:20:00+00:00,2026-05-13 18:20:00+00:00,79300.0,79774.15,0.005979192938209366,0.005979192938209366,12,fixed_12b_exit,0,79238.6,4,0.5148592605461588,6.578969999999888,6.329630000000002,0.7090915050117589,108.32352999999989,35.79173,0.020229692103853614,True,fixed_12b,no_cost
downtrend_highvol_forced_cover_signal,fixed_horizon,12,5090,5091,5103,2026-05-18 16:10:00+00:00,2026-05-18 16:15:00+00:00,2026-05-18 17:15:00+00:00,76509.22,76662.01,0.0019970142160643523,0.0019970142160643523,12,fixed_12b_exit,0,76485.29,3,0.42926045439166727,-54.29889000000012,26.859699999999982,0.5725404177456732,24.42425999999986,21.625570000000003,0.02226710530263598,True,fixed_12b,no_cost
downtrend_highvol_forced_cover_signal,fixed_horizon,12,6250,6251,6263,2026-05-22 16:50:00+00:00,2026-05-22 16:55:00+00:00,2026-05-22 17:55:00+00:00,76999.46,76750.0,-0.003239762980156047,-0.003239762980156047,12,fixed_12b_exit,0,76975.1,5,0.7377154300753295,95.95592999999985,40.94180000000001,0.2735384034224665,-26.04206000000016,-6.065389999999997,0.018955202179045116,False,fixed_12b,no_cost
downtrend_highvol_forced_cover_signal,fixed_horizon,12,6816,6817,6829,2026-05-24 16:00:00+00:00,2026-05-24 16:05:00+00:00,2026-05-24 17:05:00+00:00,76568.69,76706.02,0.0017935529522576932,0.0017935529522576932,12,fixed_12b_exit,0,76539.38,4,0.5581474276006726,20.316409999999827,21.17819,0.5283926094988033,4.659329999999828,-2.0711899999999996,0.0207827522901316,True,fixed_12b,no_cost
downtrend_highvol_forced_cover_signal,fixed_horizon,12,7671,7672,7684,2026-05-27 15:15:00+00:00,2026-05-27 15:20:00+00:00,2026-05-27 16:20:00+00:00,75221.08,75063.36,-0.0020967526656091584,-0.0020967526656091584,12,fixed_12b_exit,0,75172.87,3,0.6234161388794356,43.24501999999979,40.585409999999996,0.3493909269816099,-44.34448000000021,12.910879999999999,0.018642423333259384,False,fixed_12b,no_cost
downtrend_highvol_forced_cover_signal,fixed_horizon,12,7716,7717,7729,2026-05-27 19:00:00+00:00,2026-05-27 19:05:00+00:00,2026-05-27 20:05:00+00:00,75051.9,75271.99,0.0029325040405374647,0.0029325040405374647,12,fixed_12b_exit,0,75032.01,3,0.7019501613946663,57.10097999999979,1.5047599999999974,0.5943145070984408,25.916009999999787,1.0446699999999964,0.021629596355547065,True,fixed_12b,no_cost
downtrend_highvol_forced_cover_signal,fixed_horizon,12,8244,8245,8257,2026-05-29 15:00:00+00:00,2026-05-29 15:05:00+00:00,2026-05-29 16:05:00+00:00,73313.94,73900.01,0.007993977680097242,0.007993977680097242,12,fixed_12b_exit,0,73198.17,5,0.6500951573594487,139.25828999999976,35.74498,0.6609104841500658,53.645749999999786,9.069339999999997,0.029796480546140147,True,fixed_12b,no_cost
downtrend_highvol_forced_cover_signal,fixed_horizon,12,8825,8826,8838,2026-05-31 15:25:00+00:00,2026-05-31 15:30:00+00:00,2026-05-31 16:30:00+00:00,73748.66,73438.65,-0.004203601801036294,-0.004203601801036294,12,fixed_12b_exit,0,73742.0,3,0.7170075872737713,28.465379999999723,20.5799,0.28567642945464355,-52.37705000000027,-41.572019999999995,0.025467626205815552,False,fixed_12b,no_cost
downtrend_highvol_forced_cover_signal,fixed_horizon,12,8850,8851,8863,2026-05-31 17:30:00+00:00,2026-05-31 17:35:00+00:00,2026-05-31 18:35:00+00:00,73660.25,73667.21,9.448786828736289e-05,9.448786828736289e-05,12,fixed_12b_exit,0,73610.36,3,0.7465909592783798,16.415209999999725,13.225670000000001,0.5368934540426997,3.883159999999731,7.391179999999999,0.025564520455813478,True,fixed_12b,no_cost
downtrend_highvol_forced_cover_signal,fixed_horizon,12,9035,9036,9048,2026-06-01 08:55:00+00:00,2026-06-01 09:00:00+00:00,2026-06-01 10:00:00+00:00,72902.64,72783.15,-0.0016390352941951791,-0.0016390352941951791,12,fixed_12b_exit,0,72865.58,4,0.7317682861651428,59.93055999999973,109.96245,0.2096146331645603,-917.8228700000005,-9.91773999999998,0.023883584010311987,False,fixed_12b,no_cost
downtrend_highvol_forced_cover_signal,fixed_horizon,12,9129,9130,9142,2026-06-01 16:45:00+00:00,2026-06-01 16:50:00+00:00,2026-06-01 17:50:00+00:00,71379.77,71715.98,0.004710158074199278,0.004710158074199278,12,fixed_12b_exit,0,71356.0,3,0.5819339098730052,133.02346999999975,-207.13461000000007,0.7195248059933711,151.48843999999963,2.553280000000001,0.028706237540578217,True,fixed_12b,no_cost
downtrend_highvol_forced_cover_signal,fixed_horizon,12,9270,9271,9283,2026-06-02 04:30:00+00:00,2026-06-02 04:35:00+00:00,2026-06-02 05:35:00+00:00,71029.99,70610.03,-0.005912432199413287,-0.005912432199413287,12,fixed_12b_exit,0,71028.25,3,0.6132697817007485,27.61560999999966,16.302759999999992,0.520347901392211,8.76311999999967,30.34964000000001,0.022624081658006112,False,fixed_12b,no_cost
downtrend_highvol_forced_cover_signal,fixed_horizon,12,9507,9508,9520,2026-06-03 00:15:00+00:00,2026-06-03 00:20:00+00:00,2026-06-03 01:20:00+00:00,67085.72,66944.21,-0.002109390791363519,-0.002109390791363519,12,fixed_12b_exit,0,66912.0,3,0.5548485860125352,50.51424999999954,109.22464,0.46785877535847226,-13.404940000000462,4.671459999999993,0.02046696783713009,False,fixed_12b,no_cost
downtrend_highvol_forced_cover_signal,fixed_horizon,12,10169,10170,10182,2026-06-05 07:25:00+00:00,2026-06-05 07:30:00+00:00,2026-06-05 08:30:00+00:00,62252.94,62702.44,0.007220542515743,0.007220542515743,12,fixed_12b_exit,0,62203.29,3,0.5833030952443384,86.53159999999971,52.9136,0.5133321614536664,7.529879999999711,-55.10884,0.027835292964309533,True,fixed_12b,no_cost
